{
    "spec_version": "2.0",
    "type": "bundle",
    "id": "bundle--63fe3b22-0201-47cf-85d0-97c02164528d",
    "objects": [
        {
            "type": "identity",
            "id": "identity--f690c992-8e7d-4b9a-9303-3312616c0220",
            "created": "2016-08-08T15:50:10.983Z",
            "modified": "2016-08-08T15:50:10.983Z",
            "name": "The MITRE Corporation - DHS Support Team",
            "identity_class": "organization"

        },
        {
            "type": "malware",
            "id": "malware--fdd60b30-b67c-41e3-b0b9-f01faf20d111",
            "created_by_ref": "identity--f690c992-8e7d-4b9a-9303-3312616c0220",
            "created": "2017-01-27T13:49:53.997Z",
            "modified": "2017-01-27T13:49:53.997Z",
            "description": "variant",
            "labels": [
                "remote-access-trojan"
            ],
            "name": "Poison Ivy"
        },
        {
            "type": "indicator",
            "id": "indicator--53fe3b22-0201-47cf-85d0-97c02164528d",
            "created_by_ref": "identity--f690c992-8e7d-4b9a-9303-3312616c0220",
            "created": "2014-05-08T09:00:00.000Z",
            "modified": "2014-05-08T09:00:00.000Z",
            "labels": [
                "malicious-activity"
            ],
            "name": "IP Address for known C2 channel",
            "pattern": "[ipv4-addr:value = '10.0.0.0']",
            "valid_from": "2014-05-08T09:00:00.000000Z"
        },
        {
            "type": "indicator",
            "id": "indicator--a932fcc6-e032-476c-826f-cb970a5a1ade",
            "created_by_ref": "identity--f690c992-8e7d-4b9a-9303-3312616c0220",
            "created": "2017-01-27T13:49:53.997Z",
            "labels": [
                "malicious-activity"
            ],
            "modified": "2017-01-27T13:49:53.997Z",
            "name": "File hash for Poison Ivy variant",
            "pattern": "[file:hashes.'SHA-256' = 'ef537f25c895bfa782526529a9b63d97aa631564d5d789c2b765448c8635fb6c']",
            "valid_from": "2014-05-08T09:00:00.000000Z"
        },
        {
            "type": "course-of-action",
            "id": "course-of-action--8e2e2d2b-17d4-4cbf-938f-98ee46b3cd3f",
            "created_by_ref": "identity--f690c992-8e7d-4b9a-9303-3312616c0220",
            "created": "2016-04-06T20:03:48.000Z",
            "modified": "2016-04-06T20:03:48.000Z",
            "name": "Add TCP port 80 Filter Rule to the existing Block UDP 1434 Filter",
            "description": "This is how to add a filter rule to block inbound access to TCP port 80 to the existing UDP 1434 filter ..."
        },
        {
            "type": "relationship",
            "id": "relationship--44298a74-ba52-4f0c-87a3-1824e67d7fad",
            "created_by_ref": "identity--f690c992-8e7d-4b9a-9303-3312616c0220",
            "created": "2016-04-06T20:06:37.000Z",
            "modified": "2016-04-06T20:06:37.000Z",
            "source_ref": "course-of-action--8e2e2d2b-17d4-4cbf-938f-98ee46b3cd3f",
            "target_ref": "malware--fdd60b30-b67c-41e3-b0b9-f01faf20d111",
            "relationship_type": "mitigates"
        },
        {
            "type": "relationship",
            "id": "relationship--2f9a9aa9-108a-4333-83e2-4fb25add0463",
            "created_by_ref": "identity--f690c992-8e7d-4b9a-9303-3312616c0220",
            "created": "2017-01-27T13:49:53.997Z",
            "modified": "2017-01-27T13:49:53.997Z",
            "relationship_type": "indicates",
            "source_ref": "indicator--a932fcc6-e032-476c-826f-cb970a5a1ade",
            "target_ref": "malware--fdd60b30-b67c-41e3-b0b9-f01faf20d111"

        },
        {
            "type": "relationship",
            "id": "relationship--9606dac3-965a-47d3-b270-8b17431ba0e4",
            "created_by_ref": "identity--f690c992-8e7d-4b9a-9303-3312616c0220",
            "created": "2014-05-08T09:00:00.000Z",
            "modified": "2014-05-08T09:00:00.000Z",
            "relationship_type": "indicates",
            "source_ref": "indicator--53fe3b22-0201-47cf-85d0-97c02164528d",
            "target_ref": "malware--fdd60b30-b67c-41e3-b0b9-f01faf20d111"

        }
    ]
}
