{
  "id": "../common/url-regex.json",
  "$schema": "http://json-schema.org/draft-04/schema#",
  "title": "url-regex",
  "description": "Matches the elements of a URL using a regular expression.",
  "type": "string",
  "pattern": "^([a-zA-Z][a-zA-Z0-9+.-]*):(?:\\/\\/((?:(?=((?:[a-zA-Z0-9-._~!$&'()*+,;=:]|%[0-9a-fA-F]{2})*))(\\3)@)?(?=((?:\\[?(?:::[a-fA-F0-9]+(?::[a-fA-F0-9]+)?|(?:[a-fA-F0-9]+:)+(?::[a-fA-F0-9]+)+|(?:[a-fA-F0-9]+:)+(?::|(?:[a-fA-F0-9]+:?)*))\\]?)|(?:[a-zA-Z0-9-._~!$&'()*+,;=]|%[0-9a-fA-F]{2})*))\\5(?::(?=(\\d*))\\6)?)(\\/(?=((?:[a-zA-Z0-9-._~!$&'()*+,;=:@\\/]|%[0-9a-fA-F]{2})*))\\8)?|(\\/?(?!\\/)(?=((?:[a-zA-Z0-9-._~!$&'()*+,;=:@\\/]|%[0-9a-fA-F]{2})*))\\10)?)(?:\\?(?=((?:[a-zA-Z0-9-._~!$&'()*+,;=:@\\/?]|%[0-9a-fA-F]{2})*))\\11)?(?:#(?=((?:[a-zA-Z0-9-._~!$&'()*+,;=:@\\/?]|%[0-9a-fA-F]{2})*))\\12)?$"
}
