{
  "id": "../sdos/note.json",
  "$schema": "http://json-schema.org/draft-04/schema#",
  "title": "note",
  "description": "A Note is a comment or note containing informative text to help explain the context of one or more STIX Objects (SDOs or SROs) or to provide additional analysis that is not contained in the original object.",
  "type": "object",
  "allOf": [
    {
      "$ref": "../common/core.json"
    },
    {
      "properties": {
        "type": {
          "type": "string",
          "description": "The type of this object, which MUST be the literal `note`.",
          "enum": [
            "note"
          ]
        },
        "id": {
          "title": "id",
          "pattern": "^note--"
        },
        "summary": {
          "type": "string",
          "description": "A brief description used as a summary of the note."
        },
        "description": {
          "type": "string",
          "description": "The content of the note."
        },
        "authors": {
          "type": "array",
          "description": "The name of the author(s) of this note (e.g., the analyst(s) that created it).",
          "items": {
            "type": "string"
          },
          "minItems": 1
        },
        "object_refs": {
          "type": "array",
          "description": "The STIX Objects (SDOs and SROs) that the note is being applied to.",
          "items": {
            "$ref": "../common/identifier.json"
          },
          "minItems": 1
        }
      }
    }
  ],
  "required": [
    "description",
    "object_refs"
  ]
}
